,xi+,xi-,r,sig
0,0.00017490675873305832,0.0003842653886127138,3.817095896985085,0.00020766011237582745
1,8.873894955254486e-05,0.00021781252411550144,5.8541794618751135,0.0001387870657092686
2,-3.207791806836458e-05,0.00012371489143241527,8.951709425557349,9.267569806878888e-05
3,0.00011974185957173774,4.032029847950106e-05,13.68532742825204,6.237652426999515e-05
4,0.00011285057881304137,-2.8804938993778248e-05,20.900892374649747,4.269993972382721e-05
5,-2.9760216319198475e-06,-5.016163922210615e-05,31.89674773389438,3.010326897049217e-05
6,8.805510061852429e-05,-6.779528687241415e-05,48.53825886290119,2.237141738837956e-05
7,3.360852069090849e-05,0.00048352752131349143,73.27485813560168,1.889902497177404e-05
