,xip,xim,r,sig
0,1.781545479468128e-05,-0.00018401867295203677,1.3902698159478566,0.00011245187130919265
1,0.00020328324870725126,-6.243270314444312e-05,2.447960212497514,6.582190847821225e-05
2,7.59164508739034e-05,4.615326447724289e-06,4.296685783253022,3.8342529861963875e-05
3,4.1831939356510565e-05,1.2276070510584043e-05,7.536419803166985,2.2422000259693556e-05
4,2.8359866976230042e-05,7.258208753501027e-06,13.205771407860409,1.3285303178871157e-05
5,9.195122676256642e-06,1.246980239798532e-05,23.092386913842592,8.10366614897063e-06
6,5.551294562046949e-06,5.323639398416269e-06,40.249689058211004,5.248006656516875e-06
7,-1.371952637996147e-06,-1.4992693841290293e-06,68.96952297402932,3.966354828098371e-06
