,xi+,xi-,r,sig
0,2.533494497702176e-05,0.00034941722364554314,3.817802832558996,0.00023751336653035814
1,0.0004817157523622999,-0.0003786050690142052,5.855008158745524,0.00015796763240675607
2,0.00017173680572089934,-0.0003357397039730975,8.95244064418017,0.00010509372237101846
3,0.0003577740941119493,-0.000127394482870495,13.686542136557549,7.059388655650032e-05
4,0.000306939672742125,-0.00035874904650350575,20.903789382038823,4.821817462441113e-05
5,0.00029781824563791283,-0.00020576988606702773,31.896595248610232,3.393650833611689e-05
6,0.00021861756412282346,-0.00020987230482157084,48.54985521948343,2.5165001928935565e-05
7,6.975729447300508e-05,0.0002459375664690845,73.26931127856112,2.1244410417285774e-05
