,xi+,xi-,r,sig
0,0.0008166483866967415,7.17638281083008e-05,3.818515195775282,0.0002579521370615232
1,0.00037876772519055747,-0.0003945574934391808,5.8539045789997965,0.0001713672243669537
2,0.00036093291398939996,1.5352997006303706e-05,8.953428774470611,0.00011393939563902482
3,0.00034641170955642845,0.0001452012433366835,13.68423778613761,7.657623033205813e-05
4,0.0001728627464133421,0.0001077807205005694,20.905702880296605,5.228856482162793e-05
5,0.00028444456819965466,0.00028244842233753336,31.895040804132673,3.678671965028683e-05
6,0.00021424120292133238,0.00017319839901617216,48.54532053523927,2.7279025013814734e-05
7,4.3348880867612e-05,0.0003765119595994451,73.27264994521822,2.3050811965160873e-05
