,xip,xim,r,sig
0,0.0001999968825132378,3.797214936967318e-05,1.3917504675306962,9.20788800996881e-05
1,0.0001298960517505311,-5.020423843406537e-06,2.4497368024692845,5.347056980904544e-05
2,4.2159185719213236e-05,-2.323219763649124e-05,4.299778937407205,3.090348567729572e-05
3,8.153082654165286e-05,-1.4410070954178516e-05,7.539260518326175,1.7986419838612745e-05
4,4.303951937783719e-05,2.0241010611266113e-05,13.20937582902135,1.0626364254957847e-05
5,2.0663675169779614e-05,3.1541236671126804e-06,23.09690278226372,6.4702470418553535e-06
6,-5.830272947589941e-07,5.8681979629767976e-06,40.268561594016525,4.1806007866821905e-06
7,3.977480120763005e-07,7.706889823585629e-06,68.99104080331409,3.150722344464893e-06
