,xi+,xi-,r,sig
0,1.5508247398535673e-05,3.146734574329494e-05,3.8163687959327928,0.00017483263794155197
1,-1.1824362935329472e-05,-0.0003099188107054122,5.85242172014411,0.00011717374677182875
2,-4.994373269362917e-06,7.202230891711512e-05,8.949753061106145,7.835766588077602e-05
3,0.00016712548340120612,-0.00018113148970391507,13.681078990493994,5.28415054864033e-05
4,7.188177356012002e-05,-5.010294078676286e-05,20.900549224533084,3.625311479300915e-05
5,7.079587502389385e-05,-6.847656600159145e-05,31.893847377584766,2.5575692385475632e-05
6,-7.99235566309017e-05,-0.00010316667339768253,48.54339580827123,1.9005816999615803e-05
7,-0.0001029173674038538,0.0005076505457279326,73.29687577353016,1.5989508407226246e-05
