,xi+,xi-,r,sig
0,0.0006378102886615759,-4.500196426016698e-05,3.8175146538247198,0.0002009889243361521
1,0.0003620560703410683,-0.0001365773958504365,5.8548847645267665,0.00013366812561033364
2,0.0003993982811305855,-0.00024428963659266456,8.951080212961628,8.904541482038401e-05
3,0.0004005783112960751,0.00019597287275046642,13.68504216941687,5.9849792844812754e-05
4,0.00016011848056765753,-0.00023009419374095267,20.903774156653967,4.0915623246164927e-05
5,4.683266404699167e-05,-0.00047120885349287336,31.894729194069942,2.882015446960158e-05
6,7.726728410380567e-05,-0.0005175285358409481,48.55567603266944,2.132420370943628e-05
7,-6.673325157654842e-05,0.00011826827992824419,73.3100074584328,1.7939329209939493e-05
