,xip,xim,r,sig
0,0.00033569279142304164,0.00012757125053321938,1.390003763327906,0.00014291700243905091
1,0.00010997280057107709,4.669938650470533e-05,2.4488808061711484,8.343638567393996e-05
2,3.8802167290825106e-05,2.502096763007216e-06,4.297554883349099,4.8405585267867985e-05
3,8.564731411269832e-05,-4.3507682243158244e-05,7.536342317399973,2.8326950580185343e-05
4,5.032331799402839e-05,1.3366828205645751e-05,13.206061793332426,1.6784696179953794e-05
5,4.63387070306998e-05,6.471626835315637e-06,23.09097769870896,1.0246379269400403e-05
6,8.307501976992276e-06,2.1957446539638734e-05,40.27270804467863,6.6340231502915935e-06
7,-6.14356749325867e-06,4.380083770230888e-06,69.01001240092391,4.9951459077729205e-06
