,xi+,xi-,r,sig
0,0.0005255785492262773,-0.00042558263821637583,3.8180579133011436,0.00021871950850610206
1,0.0004893831638936111,-0.00011684888893340836,5.854463264882889,0.00014530914519237168
2,0.0004335953454766305,0.00010235617578440328,8.953179683958048,9.651948813759758e-05
3,0.00026274567154297823,7.268102368876641e-05,13.683027366443829,6.482821337890128e-05
4,0.0002963221292394013,8.11081343661142e-05,20.905297693406457,4.431330855766721e-05
5,0.00018848399247752766,-1.0302884438354586e-05,31.89596884298257,3.120624764668604e-05
6,9.369639918842178e-05,5.3994950883546834e-05,48.55653912037658,2.307863623732763e-05
7,-0.00011018850771158566,0.00026846344277136355,73.28349844044834,1.9466361086872797e-05
