,xi+,xi-,r,sig
0,0.00030538428594196646,-6.49164880471491e-05,3.8182529259512745,0.00019344111056435772
1,0.00025621403883312047,-0.0002371435157505175,5.854357204383958,0.00012885873304514044
2,-2.9344377057127575e-05,-0.00013655091511064374,8.953447646566737,8.593933163023418e-05
3,0.00023510636672405068,-0.00016232673963240514,13.684531723193517,5.7755994329590424e-05
4,-2.078031229129569e-05,-7.880939870011379e-05,20.906554447730777,3.946011181641919e-05
5,-4.5200642978059095e-05,1.6834609980715656e-05,31.89281833325312,2.7785216433368022e-05
6,-0.00010344018947404409,4.8681764159687984e-05,48.54537094558352,2.0631096021653217e-05
7,1.5924256796240117e-05,0.0005735055836375169,73.30756776403926,1.7323089714050394e-05
