,xip,xim,r,sig
0,0.0001698685497144589,0.00014538067613572133,1.3928195588447205,0.00010083590211219154
1,0.00014958376906419664,-7.286224771064558e-06,2.4507379720259315,5.829466420015418e-05
2,6.084067272016384e-05,4.47252189914595e-06,4.300566685357057,3.358267653034941e-05
3,6.954969415918511e-05,3.849752144965192e-06,7.540805216738987,1.9496029557750742e-05
4,1.2052315475384312e-05,3.922420266943059e-06,13.208849971309396,1.1507968278178135e-05
5,9.707662222860538e-06,2.3452574887196616e-05,23.098478460291467,7.0085173630294855e-06
6,5.312642707271994e-07,9.49739208234061e-06,40.27952688368181,4.522106163832466e-06
7,-1.798789960853793e-06,2.1965736155348623e-06,68.9875767191542,3.4089373260629855e-06
