,xip,xim,r,sig
0,0.0003450707629830025,2.9938689831165176e-05,1.3912011179144104,0.00011072956473480544
1,0.00012400825432474805,8.757535265100799e-05,2.449250435574258,6.42726160788621e-05
2,0.00013632104811435057,7.447406382601982e-05,4.298304723063736,3.719283649391281e-05
3,8.756111084297859e-05,3.407675847395031e-05,7.5371545865490415,2.1694749635867808e-05
4,5.236369466243689e-05,1.2889699427336592e-05,13.206595825004197,1.2848782003001438e-05
5,2.2478457020853013e-05,8.845238182271572e-06,23.091540374801202,7.838060807207207e-06
6,1.7120138444360087e-05,1.4689555024424808e-05,40.28278494507036,5.0685723090899865e-06
7,-1.6629077031371906e-06,1.2292946234666835e-05,68.99824912314257,3.815595459825658e-06
