,xi+,xi-,r,sig
0,-0.0002548886765985288,-6.530729386962882e-05,3.8160355229986376,0.0002151684751079686
1,0.00010659844809866057,-8.80552110978392e-05,5.8525170681987335,0.00014373504631456674
2,0.00034889494739544116,-9.607194494386709e-05,8.952209956051131,9.588707575447887e-05
3,0.00010019114251563954,-7.628703286487355e-05,13.684614842930726,6.454123721350027e-05
4,0.00012127101958972936,-0.00019459468734257107,20.90531970150144,4.414450915122645e-05
5,0.00011114569938801474,-0.0002475809116908078,31.886902036019823,3.1160057382859545e-05
6,1.3744460698855688e-05,-0.0003078256742917817,48.54802465286783,2.3133625177923292e-05
7,0.00015796813028901734,0.0002595906168270816,73.29709475482136,1.941325163558554e-05
