,xip,xim,r,sig
0,0.00015633161275435925,3.700998752327502e-06,1.3886954392830826,0.0001647142158951663
1,0.00012488975455792527,7.430069604929339e-05,2.4481859507631465,9.648261868498415e-05
2,1.8590810394987054e-05,-2.5949823910344933e-05,4.297306963089744,5.603074351580728e-05
3,9.27273300499277e-05,-2.109633518212216e-05,7.53361597588306,3.277213851144167e-05
4,4.3717304679626955e-05,2.786512873521507e-05,13.201758103911805,1.949349017614284e-05
5,3.908214680864699e-05,-5.322226226959611e-07,23.08652445398699,1.193047540431767e-05
6,2.041249747104112e-05,2.253977780820605e-05,40.28182281965691,7.727256199095612e-06
7,-5.418570722043796e-06,-1.4027927460319495e-06,68.99093808044887,5.8170193257902115e-06
