,xi+,xi-,r,sig
0,0.0008402906591858971,-0.0004840376202659014,3.8181490877092226,0.00023622422271642627
1,0.0004363386867294284,2.857795639597421e-05,5.854104889023603,0.00015687558171958836
2,0.0005530880856817926,-0.00017219903422767866,8.953328454008163,0.0001043914722850123
3,0.000361892517041544,-6.122305532194522e-05,13.68512384114063,7.015974242233505e-05
4,0.0003166393676121022,8.39750383480881e-05,20.904913255766697,4.7887803007463825e-05
5,0.00013324337461424556,0.0003360388100688953,31.89047374795494,3.3756642860856196e-05
6,0.00025406901823838367,0.0002504885284183497,48.560081828153244,2.503737641774627e-05
7,0.00014871813698250373,0.00020696949902390623,73.29560259546103,2.1030212770660086e-05
