,xip,xim,r,sig
0,-2.570834469440879e-07,-0.00010078958154127188,1.3918127487195933,3.680940830618898e-05
1,0.00014794238092366634,-4.286733906593348e-05,2.4436577828458708,2.145557122351912e-05
2,6.305407771213149e-05,1.0211193774459954e-05,4.288282495548839,1.2485226331093175e-05
3,3.652620276423123e-05,-7.572370881852519e-06,7.521929888556806,7.293355260635965e-06
4,2.897857968712642e-05,-2.232451152988564e-06,13.179150334042783,4.315938691512291e-06
5,5.724081603399203e-06,4.107236544284592e-06,23.046497111919315,2.628353903920844e-06
6,4.430517431743743e-06,1.6548915277696642e-06,40.164826912110925,1.6989684532086856e-06
7,-7.153231646361339e-07,-1.4965771870399193e-06,68.85160739712795,1.2812225716241916e-06
