,xip,xim,r,sig
0,6.61982446140752e-05,8.384620078566499e-05,1.3924460226280708,4.1439990187243595e-05
1,7.103342365678775e-05,3.1664879959727e-05,2.444841443125701,2.4026497273426565e-05
2,9.511995880746414e-05,1.960089851287726e-05,4.28954551517555,1.3909678483702057e-05
3,5.4212187322227366e-05,-8.39544583376047e-06,7.522812891764701,8.106318893374445e-06
4,3.091262242879997e-05,4.431809152092173e-06,13.179813559340444,4.790812443184264e-06
5,1.4200089908072352e-05,8.770256949543183e-06,23.049873767257697,2.91266224914204e-06
6,3.8557648403252386e-06,6.924569462010436e-06,40.1769293786119,1.8818660842805273e-06
7,-2.985990758721427e-06,2.995729782221872e-06,68.87033451163111,1.4146174350923442e-06
