,xip,xim,r,sig
0,0.00020119665004404973,8.068419034662705e-07,1.3927046190999406,4.833880965362437e-05
1,9.99966812547256e-05,3.253272943736542e-05,2.4451118947380586,2.799430818050789e-05
2,7.587450554482814e-05,-1.639369998772704e-05,4.2905140613120505,1.6205320605570864e-05
3,5.649431396045012e-05,2.364203046698244e-06,7.5228060356821835,9.444503395350957e-06
4,3.3507292849087675e-05,2.842132128949751e-05,13.175697113859107,5.596512623598519e-06
5,1.1953991304690343e-05,3.5267919359051592e-06,23.042957679636878,3.4140780742809692e-06
6,1.1560598964844815e-05,1.5250205301820923e-05,40.186295187162145,2.2087808001705015e-06
7,2.3504306563130653e-06,6.2808202436609245e-06,68.91515444212472,1.6535509090245085e-06
